cohort,candidate,family,status,validation_ap,elapsed_seconds,best_epoch
42,lightgbm_reference,lightgbm,COMPLETED,0.3272819359371966,0.4767359999968903,
42,logistic_reference,logistic_regression,COMPLETED,0.33693019384570433,0.20386640000288025,
42,lightgbm_tuned_0,lightgbm,COMPLETED,0.25780846403833296,0.17424380000011297,
42,lightgbm_tuned_1,lightgbm,COMPLETED,0.31490837500952307,0.2630479999970703,
42,lightgbm_tuned_2,lightgbm,COMPLETED,0.3076689738193209,0.22154959999897983,
42,lightgbm_tuned_3,lightgbm,COMPLETED,0.3284771224273715,0.3590132999997877,
42,lightgbm_tuned_4,lightgbm,COMPLETED,0.3299775051876663,0.44388959999923827,
42,lightgbm_tuned_5,lightgbm,COMPLETED,0.22969943191278963,0.1794577999971807,
42,logistic_tuned_0,logistic_regression,COMPLETED,0.34382355614178095,0.14564199999949778,
42,logistic_tuned_1,logistic_regression,COMPLETED,0.3386077517881475,0.17276499999934458,
42,logistic_tuned_2,logistic_regression,COMPLETED,0.33392214710064266,0.22966280000036932,
42,logistic_tuned_3,logistic_regression,COMPLETED,0.33373254526675133,0.2587289000002784,
42,tabm_00,tabm,COMPLETED,0.3197272555237948,14.48093279999739,31.0
42,tabm_01,tabm,COMPLETED,0.3264757631930972,7.697290300002351,11.0
42,tabm_02,tabm,COMPLETED,0.2985103000255411,7.528155700001662,9.0
42,tabm_03,tabm,COMPLETED,0.3134125839708534,6.486466600003041,5.0
42,tabm_04,tabm,COMPLETED,0.33835983208786496,24.627360300000873,73.0
42,tabm_05,tabm,COMPLETED,0.35166827825368585,27.278358300001855,84.0
42,tabm_06,tabm,COMPLETED,0.3040116445342297,16.15568820000044,43.0
42,tabm_07,tabm,COMPLETED,0.2893096477386205,23.380446799998026,11.0
42,tabm_08,tabm,COMPLETED,0.3124195507431648,17.396458100000018,9.0
42,tabm_09,tabm,COMPLETED,0.3176598676003511,13.390519399999903,16.0
42,tabm_10,tabm,COMPLETED,0.328430733334121,9.933065900000656,18.0
42,tabm_11,tabm,COMPLETED,0.3125775157300607,11.86659520000103,5.0
42,realmlp_0,realmlp,COMPLETED,0.32355597276911396,34.589496900000086,
42,realmlp_1,realmlp,COMPLETED,0.3161809337545672,25.1323020000018,
42,realmlp_2,realmlp,COMPLETED,0.31626779048491865,24.39787140000044,
42,realmlp_3,realmlp,COMPLETED,0.3334544248337857,32.05072830000063,
42,tabicl_0,tabicl,COMPLETED,0.31102092152899385,158.2604108000014,
42,tabicl_1,tabicl,COMPLETED,0.3637205951448783,97.02171190000081,
42,mlp_tuned_0,mlp,COMPLETED,0.3152432153044566,4.8895315999980085,
42,mlp_tuned_1,mlp,COMPLETED,0.30626969422838024,5.463940400000865,
42,mlp_tuned_2,mlp,COMPLETED,0.3321851665471659,6.057027999999264,
42,mlp_tuned_3,mlp,COMPLETED,0.3118263089416988,5.08030940000026,
42,tabm_refine_15,tabm,COMPLETED,0.311654825255522,17.284622600000148,28.0
42,tabm_refine_20,tabm,COMPLETED,0.30686281955943573,11.046128899997711,15.0
42,tabm_refine_40,tabm,COMPLETED,0.3504375118202885,16.667535800002952,35.0
42,residual_mlp_0,residual_mlp,COMPLETED,0.32949114943202296,1.4926024000014877,1.0
42,residual_mlp_1,residual_mlp,COMPLETED,0.3401470432103425,1.432199999999284,0.0
42,residual_mlp_2,residual_mlp,COMPLETED,0.36009731855127736,2.749340399997891,24.0
42,residual_mlp_3,residual_mlp,COMPLETED,0.3435809824185608,4.161685299997771,50.0
42,residual_mlp_4,residual_mlp,COMPLETED,0.32125069237481574,1.6331480999979249,5.0
42,residual_mlp_5,residual_mlp,COMPLETED,0.35901109966798267,2.629637600002752,24.0
42,tabicl_refine_20,tabicl,COMPLETED,0.2994886747481688,90.98680400000012,
42,tabicl_refine_45,tabicl,COMPLETED,0.3471025179550993,117.98855729999923,
42,lightgbm_unweighted_0,lightgbm,COMPLETED,0.29696385411505394,0.4375341999984812,
42,lightgbm_unweighted_1,lightgbm,COMPLETED,0.2939433154004957,0.14911930000016582,
42,lightgbm_unweighted_2,lightgbm,COMPLETED,0.2990676113901107,0.18321740000101272,
42,lightgbm_unweighted_3,lightgbm,COMPLETED,0.3049604691846495,0.1728110000003653,
42,logistic_unweighted_0,logistic_regression,COMPLETED,0.33174271683495893,0.1681905999976152,
42,logistic_unweighted_1,logistic_regression,COMPLETED,0.32964663890817725,0.19876119999753428,
42,logistic_unweighted_2,logistic_regression,COMPLETED,0.31766653427309177,0.23420640000040294,
42,logistic_unweighted_3,logistic_regression,COMPLETED,0.3142383659534132,0.2719443999994837,
42,tabpfn_30,tabpfn,COMPLETED,0.3437137873388667,229.0224511999986,
42,tabpfn_full,tabpfn,COMPLETED,0.32496582001808044,536.5070288999996,
43,lightgbm_reference,lightgbm,COMPLETED,0.370935898934306,0.424146400000609,
43,logistic_reference,logistic_regression,COMPLETED,0.2832974565106224,0.2280122999982268,
43,lightgbm_tuned_0,lightgbm,COMPLETED,0.32257321093857333,0.12207990000024438,
43,lightgbm_tuned_1,lightgbm,COMPLETED,0.3487836440917323,0.1458191000019724,
43,lightgbm_tuned_2,lightgbm,COMPLETED,0.38039763658930476,0.17477270000017597,
43,lightgbm_tuned_3,lightgbm,COMPLETED,0.3145909675911664,0.15395489999718848,
43,lightgbm_tuned_4,lightgbm,COMPLETED,0.39582570092892577,0.20071869999810588,
43,lightgbm_tuned_5,lightgbm,COMPLETED,0.3774660917136083,0.19717430000309832,
43,logistic_tuned_0,logistic_regression,COMPLETED,0.3124032085931218,0.16464360000099987,
43,logistic_tuned_1,logistic_regression,COMPLETED,0.2937680978012027,0.1934679000005417,
43,logistic_tuned_2,logistic_regression,COMPLETED,0.2782618719247129,0.23803310000221245,
43,logistic_tuned_3,logistic_regression,COMPLETED,0.27732093904549604,0.2662607000020216,
43,tabm_00,tabm,COMPLETED,0.3699855486512175,17.423896700001933,38.0
43,tabm_01,tabm,COMPLETED,0.3571514641086122,12.34356359999947,28.0
43,tabm_02,tabm,COMPLETED,0.38457493136666837,13.95291079999879,35.0
43,tabm_03,tabm,COMPLETED,0.3843612794669616,9.947352999999566,23.0
43,tabm_04,tabm,COMPLETED,0.3346690822864615,12.678916400000162,35.0
43,tabm_05,tabm,COMPLETED,0.30660282182891074,9.309622799999488,22.0
43,tabm_06,tabm,COMPLETED,0.407788788782298,18.51541780000116,61.0
43,tabm_07,tabm,COMPLETED,0.3717239635742624,41.47794700000304,38.0
43,tabm_08,tabm,COMPLETED,0.421242759185471,25.857325299999502,24.0
43,tabm_09,tabm,COMPLETED,0.3228277437317653,15.20353470000191,22.0
43,tabm_10,tabm,COMPLETED,0.3661139883411569,16.65295740000147,45.0
43,tabm_11,tabm,COMPLETED,0.372871250041717,15.116109500002494,12.0
43,realmlp_0,realmlp,COMPLETED,0.43010930855729873,31.872269600000436,
43,realmlp_1,realmlp,COMPLETED,0.4373095332497915,24.02051349999965,
43,realmlp_2,realmlp,COMPLETED,0.3420941973832436,23.1691737000001,
43,realmlp_3,realmlp,COMPLETED,0.4200617671493592,28.2126219999991,
43,tabicl_0,tabicl,COMPLETED,0.3680626351775391,154.85983000000124,
43,tabicl_1,tabicl,COMPLETED,0.281779279723024,103.25103269999818,
43,mlp_tuned_0,mlp,COMPLETED,0.38439402626307806,6.682949500001996,
43,mlp_tuned_1,mlp,COMPLETED,0.3451336203663851,8.012463399998524,
43,mlp_tuned_2,mlp,COMPLETED,0.3756105678274848,8.595002699999895,
43,mlp_tuned_3,mlp,COMPLETED,0.33311578646572293,5.845029199997953,
43,tabm_refine_15,tabm,COMPLETED,0.3014927494986365,13.813735500003531,8.0
43,tabm_refine_20,tabm,COMPLETED,0.31261069394144575,10.38005239999984,9.0
43,tabm_refine_40,tabm,COMPLETED,0.345593196484512,25.577088699999877,54.0
43,residual_mlp_0,residual_mlp,COMPLETED,0.3399279747427789,2.2254640999999538,9.0
43,residual_mlp_1,residual_mlp,COMPLETED,0.3291149301939557,2.6379854999977397,12.0
43,residual_mlp_2,residual_mlp,COMPLETED,0.29136686513723276,1.9197630000016943,4.0
43,residual_mlp_3,residual_mlp,COMPLETED,0.2743464930766352,1.6271856999992451,0.0
43,residual_mlp_4,residual_mlp,COMPLETED,0.3217031813589111,2.631036699996912,12.0
43,residual_mlp_5,residual_mlp,COMPLETED,0.28330418319989153,1.777480700002343,2.0
43,tabicl_refine_20,tabicl,COMPLETED,0.29963105428050196,102.8998548999989,
43,tabicl_refine_45,tabicl,COMPLETED,0.33181307072423555,131.6771856000014,
43,lightgbm_unweighted_0,lightgbm,COMPLETED,0.3517190319638802,0.4530649000007543,
43,lightgbm_unweighted_1,lightgbm,COMPLETED,0.36328850454230005,0.2057664999992994,
43,lightgbm_unweighted_2,lightgbm,COMPLETED,0.3652655684957609,0.3320991000000504,
43,lightgbm_unweighted_3,lightgbm,COMPLETED,0.36033273737252575,0.19878190000235918,
43,logistic_unweighted_0,logistic_regression,COMPLETED,0.3323553775630996,0.15506029999960447,
43,logistic_unweighted_1,logistic_regression,COMPLETED,0.320782351795272,0.1807294999998703,
43,logistic_unweighted_2,logistic_regression,COMPLETED,0.3135526635769376,0.2281193999988318,
43,logistic_unweighted_3,logistic_regression,COMPLETED,0.3031320481103646,0.2304182000007131,
43,tabpfn_30,tabpfn,COMPLETED,0.29231320538241323,239.32637270000123,
43,tabpfn_full,tabpfn,COMPLETED,0.38683101382349067,487.24680490000173,
44,lightgbm_reference,lightgbm,COMPLETED,0.47942994057485966,0.3420992000028491,
44,logistic_reference,logistic_regression,COMPLETED,0.42362878056378955,0.20452010000008158,
44,lightgbm_tuned_0,lightgbm,COMPLETED,0.4305790967470895,0.15597599999819067,
44,lightgbm_tuned_1,lightgbm,COMPLETED,0.32686508399971165,0.13211389999923995,
44,lightgbm_tuned_2,lightgbm,COMPLETED,0.45603643487204876,0.1532641000012518,
44,lightgbm_tuned_3,lightgbm,COMPLETED,0.46975908258635474,0.2642257999978028,
44,lightgbm_tuned_4,lightgbm,COMPLETED,0.44805255100249214,0.17445419999785372,
44,lightgbm_tuned_5,lightgbm,COMPLETED,0.4735741825314972,0.32374519999939366,
44,logistic_tuned_0,logistic_regression,COMPLETED,0.4430437237026062,0.15053740000075777,
44,logistic_tuned_1,logistic_regression,COMPLETED,0.42828201055114806,0.16925029999765684,
44,logistic_tuned_2,logistic_regression,COMPLETED,0.42102678863103915,0.19469290000051842,
44,logistic_tuned_3,logistic_regression,COMPLETED,0.4203260961769192,0.24725369999941904,
44,tabm_00,tabm,COMPLETED,0.44995656270421197,8.750213200000871,7.0
44,tabm_01,tabm,COMPLETED,0.45672629288601124,5.369442100000015,3.0
44,tabm_02,tabm,COMPLETED,0.4286317365850122,11.87019700000019,27.0
44,tabm_03,tabm,COMPLETED,0.4265175582356798,9.102167699998972,17.0
44,tabm_04,tabm,COMPLETED,0.4381301193778146,14.95853409999836,45.0
44,tabm_05,tabm,COMPLETED,0.44698853396837596,13.551337200002308,37.0
44,tabm_06,tabm,COMPLETED,0.43040891065671844,20.81665150000117,64.0
44,tabm_07,tabm,COMPLETED,0.4302175337625938,30.003306700000394,17.0
44,tabm_08,tabm,COMPLETED,0.4509856811246936,21.46651329999804,14.0
44,tabm_09,tabm,COMPLETED,0.4620596747013605,20.3155442999996,30.0
44,tabm_10,tabm,COMPLETED,0.4624977124092445,7.973752300000342,8.0
44,tabm_11,tabm,COMPLETED,0.43587729089702126,18.597607299998344,11.0
44,realmlp_0,realmlp,COMPLETED,0.4593781448399719,36.793035300001065,
44,realmlp_1,realmlp,COMPLETED,0.44769843779480695,32.65645930000028,
44,realmlp_2,realmlp,COMPLETED,0.4708518676239316,31.25530009999784,
44,realmlp_3,realmlp,COMPLETED,0.464236472182378,39.06009269999777,
44,tabicl_0,tabicl,COMPLETED,0.39601087726631024,184.25953550000122,
44,tabicl_1,tabicl,COMPLETED,0.4434453583778025,112.56001339999784,
44,mlp_tuned_0,mlp,COMPLETED,0.4448940142222154,5.330250199996954,
44,mlp_tuned_1,mlp,COMPLETED,0.4326338562146701,5.111856499999703,
44,mlp_tuned_2,mlp,COMPLETED,0.4508609578806094,5.679409399999713,
44,mlp_tuned_3,mlp,COMPLETED,0.42425536472050174,3.798614899998938,
44,tabm_refine_15,tabm,COMPLETED,0.464063990263186,20.25526709999758,55.0
44,tabm_refine_20,tabm,COMPLETED,0.4347412536810245,17.416932399999496,45.0
44,tabm_refine_40,tabm,COMPLETED,0.43329345663085167,11.3872048000012,18.0
44,residual_mlp_0,residual_mlp,COMPLETED,0.4366187053248712,1.472866399999475,1.0
44,residual_mlp_1,residual_mlp,COMPLETED,0.42603366119359204,1.4197477999987314,2.0
44,residual_mlp_2,residual_mlp,COMPLETED,0.4668104674053547,1.5720749000029173,5.0
44,residual_mlp_3,residual_mlp,COMPLETED,0.4495485527320027,1.3148652000018046,1.0
44,residual_mlp_4,residual_mlp,COMPLETED,0.43125672444520324,1.2927495000003546,1.0
44,residual_mlp_5,residual_mlp,COMPLETED,0.4588896204489036,1.2616712000017287,0.0
44,tabicl_refine_20,tabicl,COMPLETED,0.4116322430550745,102.8094736000021,
44,tabicl_refine_45,tabicl,COMPLETED,0.39555626115136255,139.34040520000053,
44,lightgbm_unweighted_0,lightgbm,COMPLETED,0.478455801789604,0.15160119999927701,
44,lightgbm_unweighted_1,lightgbm,COMPLETED,0.48374389792405365,0.16923899999892456,
44,lightgbm_unweighted_2,lightgbm,COMPLETED,0.46696158400885834,0.19370970000090892,
44,lightgbm_unweighted_3,lightgbm,COMPLETED,0.47232003849867915,0.24105559999952675,
44,logistic_unweighted_0,logistic_regression,COMPLETED,0.451677761113315,0.21642979999887757,
44,logistic_unweighted_1,logistic_regression,COMPLETED,0.4370105177875313,0.22155260000363342,
44,logistic_unweighted_2,logistic_regression,COMPLETED,0.43083862947086704,0.21705459999793675,
44,logistic_unweighted_3,logistic_regression,COMPLETED,0.4263359170743177,0.32694090000222786,
44,tabpfn_30,tabpfn,COMPLETED,0.4572083404824254,248.55722900000183,
44,tabpfn_full,tabpfn,COMPLETED,0.4408248894722414,499.3699003999973,
