seed,name,family,history,latest_only,seconds,origin,patients,positives,selected,captured,recall,precision,lift,ap
42,lightgbm_reference,lightgbm,False,False,0.4767359999968903,reused exact prior development predictions,348,30,35,12,0.4,0.34285714285714286,3.977142857142857,0.4512279302772678
42,logistic_reference,logistic_regression,False,False,0.20386640000288025,reused exact prior development predictions,348,30,35,15,0.5,0.42857142857142855,4.971428571428571,0.4707739189681285
42,lightgbm_tuned_0,lightgbm,False,False,0.17424380000011297,reused exact prior development predictions,348,30,35,13,0.43333333333333335,0.37142857142857144,4.308571428571429,0.34868261258722394
42,lightgbm_tuned_1,lightgbm,False,False,0.2630479999970703,reused exact prior development predictions,348,30,35,11,0.36666666666666664,0.3142857142857143,3.6457142857142855,0.4326620366170202
42,lightgbm_tuned_2,lightgbm,False,False,0.22154959999897983,reused exact prior development predictions,348,30,35,11,0.36666666666666664,0.3142857142857143,3.6457142857142855,0.42833116124031434
42,lightgbm_tuned_3,lightgbm,False,False,0.3590132999997877,reused exact prior development predictions,348,30,35,11,0.36666666666666664,0.3142857142857143,3.6457142857142855,0.4437872989320971
42,lightgbm_tuned_4,lightgbm,False,False,0.44388959999923827,reused exact prior development predictions,348,30,35,12,0.4,0.34285714285714286,3.977142857142857,0.4582305091814248
42,lightgbm_tuned_5,lightgbm,False,False,0.1794577999971807,reused exact prior development predictions,348,30,35,10,0.3333333333333333,0.2857142857142857,3.314285714285714,0.3206878666652916
42,logistic_tuned_0,logistic_regression,False,False,0.14564199999949778,reused exact prior development predictions,348,30,35,15,0.5,0.42857142857142855,4.971428571428571,0.4802928871874792
42,logistic_tuned_1,logistic_regression,False,False,0.17276499999934458,reused exact prior development predictions,348,30,35,15,0.5,0.42857142857142855,4.971428571428571,0.4666214425738379
42,logistic_tuned_2,logistic_regression,False,False,0.22966280000036932,reused exact prior development predictions,348,30,35,15,0.5,0.42857142857142855,4.971428571428571,0.4636405232030573
42,logistic_tuned_3,logistic_regression,False,False,0.2587289000002784,reused exact prior development predictions,348,30,35,15,0.5,0.42857142857142855,4.971428571428571,0.46252422466001825
42,tabm_00,tabm,False,False,14.48093279999739,reused exact prior development predictions,348,30,35,14,0.4666666666666667,0.4,4.64,0.415419115895791
42,tabm_01,tabm,False,False,7.697290300002351,reused exact prior development predictions,348,30,35,13,0.43333333333333335,0.37142857142857144,4.308571428571429,0.4484708828064211
42,tabm_02,tabm,False,False,7.528155700001662,reused exact prior development predictions,348,30,35,13,0.43333333333333335,0.37142857142857144,4.308571428571429,0.4232379885407411
42,tabm_03,tabm,False,False,6.486466600003041,reused exact prior development predictions,348,30,35,13,0.43333333333333335,0.37142857142857144,4.308571428571429,0.45599562585778586
42,tabm_04,tabm,False,False,24.627360300000873,reused exact prior development predictions,348,30,35,14,0.4666666666666667,0.4,4.64,0.4457514399817323
42,tabm_05,tabm,False,False,27.278358300001855,reused exact prior development predictions,348,30,35,14,0.4666666666666667,0.4,4.64,0.45576095396576033
42,tabm_06,tabm,False,False,16.15568820000044,reused exact prior development predictions,348,30,35,12,0.4,0.34285714285714286,3.977142857142857,0.42071407316981474
42,tabm_07,tabm,False,False,23.380446799998026,reused exact prior development predictions,348,30,35,11,0.36666666666666664,0.3142857142857143,3.6457142857142855,0.42205571574932205
42,tabm_08,tabm,False,False,17.396458100000018,reused exact prior development predictions,348,30,35,12,0.4,0.34285714285714286,3.977142857142857,0.43299749733949244
42,tabm_09,tabm,False,False,13.390519399999903,reused exact prior development predictions,348,30,35,14,0.4666666666666667,0.4,4.64,0.4395079676679743
42,tabm_10,tabm,False,False,9.933065900000656,reused exact prior development predictions,348,30,35,14,0.4666666666666667,0.4,4.64,0.449298407066226
42,tabm_11,tabm,False,False,11.86659520000103,reused exact prior development predictions,348,30,35,13,0.43333333333333335,0.37142857142857144,4.308571428571429,0.44859613761351386
42,realmlp_0,realmlp,False,False,34.589496900000086,reused exact prior development predictions,348,30,35,14,0.4666666666666667,0.4,4.64,0.44261613126945876
42,realmlp_1,realmlp,False,False,25.1323020000018,reused exact prior development predictions,348,30,35,14,0.4666666666666667,0.4,4.64,0.42577291471277223
42,realmlp_2,realmlp,False,False,24.39787140000044,reused exact prior development predictions,348,30,35,13,0.43333333333333335,0.37142857142857144,4.308571428571429,0.42823218802085705
42,realmlp_3,realmlp,False,False,32.05072830000063,reused exact prior development predictions,348,30,35,14,0.4666666666666667,0.4,4.64,0.43923507236673137
42,tabicl_0,tabicl,False,False,158.2604108000014,reused exact prior development predictions,348,30,35,13,0.43333333333333335,0.37142857142857144,4.308571428571429,0.41062139567793754
42,tabicl_1,tabicl,False,False,97.02171190000081,reused exact prior development predictions,348,30,35,14,0.4666666666666667,0.4,4.64,0.47755325080678857
42,mlp_tuned_0,mlp,False,False,4.8895315999980085,reused exact prior development predictions,348,30,35,14,0.4666666666666667,0.4,4.64,0.45905588995191704
42,mlp_tuned_1,mlp,False,False,5.463940400000865,reused exact prior development predictions,348,30,35,14,0.4666666666666667,0.4,4.64,0.4358119334347167
42,mlp_tuned_2,mlp,False,False,6.057027999999264,reused exact prior development predictions,348,30,35,13,0.43333333333333335,0.37142857142857144,4.308571428571429,0.45423584370422826
42,mlp_tuned_3,mlp,False,False,5.08030940000026,reused exact prior development predictions,348,30,35,15,0.5,0.42857142857142855,4.971428571428571,0.4325347132704419
42,tabm_refine_15,tabm,False,False,17.284622600000148,reused exact prior development predictions,348,30,35,14,0.4666666666666667,0.4,4.64,0.45509467817633803
42,tabm_refine_20,tabm,False,False,11.046128899997711,reused exact prior development predictions,348,30,35,14,0.4666666666666667,0.4,4.64,0.43988672917474947
42,tabm_refine_40,tabm,False,False,16.667535800002952,reused exact prior development predictions,348,30,35,13,0.43333333333333335,0.37142857142857144,4.308571428571429,0.45895795123480865
42,residual_mlp_0,tabm,False,False,1.4926024000014877,reused exact prior development predictions,348,30,35,14,0.4666666666666667,0.4,4.64,0.4446210898611397
42,residual_mlp_1,tabm,False,False,1.432199999999284,reused exact prior development predictions,348,30,35,15,0.5,0.42857142857142855,4.971428571428571,0.4709928607946689
42,residual_mlp_2,tabm,False,False,2.749340399997891,reused exact prior development predictions,348,30,35,14,0.4666666666666667,0.4,4.64,0.4723242050594615
42,residual_mlp_3,tabm,False,False,4.161685299997771,reused exact prior development predictions,348,30,35,15,0.5,0.42857142857142855,4.971428571428571,0.44826956962593245
42,residual_mlp_4,tabm,False,False,1.6331480999979249,reused exact prior development predictions,348,30,35,13,0.43333333333333335,0.37142857142857144,4.308571428571429,0.4232750010603935
42,residual_mlp_5,tabm,False,False,2.629637600002752,reused exact prior development predictions,348,30,35,15,0.5,0.42857142857142855,4.971428571428571,0.47296841907639564
42,tabicl_refine_20,tabicl,False,False,90.98680400000012,reused exact prior development predictions,348,30,35,14,0.4666666666666667,0.4,4.64,0.44091227292735913
42,tabicl_refine_45,tabicl,False,False,117.98855729999923,reused exact prior development predictions,348,30,35,14,0.4666666666666667,0.4,4.64,0.4625923111413215
42,lightgbm_unweighted_0,lightgbm,False,False,0.4375341999984812,reused exact prior development predictions,348,30,35,14,0.4666666666666667,0.4,4.64,0.42614169020587467
42,lightgbm_unweighted_1,lightgbm,False,False,0.14911930000016582,reused exact prior development predictions,348,30,35,12,0.4,0.34285714285714286,3.977142857142857,0.4244466985161255
42,lightgbm_unweighted_2,lightgbm,False,False,0.18321740000101272,reused exact prior development predictions,348,30,35,12,0.4,0.34285714285714286,3.977142857142857,0.42830452264247404
42,lightgbm_unweighted_3,lightgbm,False,False,0.1728110000003653,reused exact prior development predictions,348,30,35,11,0.36666666666666664,0.3142857142857143,3.6457142857142855,0.4323217114694931
42,logistic_unweighted_0,logistic_regression,False,False,0.1681905999976152,reused exact prior development predictions,348,30,35,14,0.4666666666666667,0.4,4.64,0.4656248811870273
42,logistic_unweighted_1,logistic_regression,False,False,0.19876119999753428,reused exact prior development predictions,348,30,35,14,0.4666666666666667,0.4,4.64,0.44588033175924063
42,logistic_unweighted_2,logistic_regression,False,False,0.23420640000040294,reused exact prior development predictions,348,30,35,13,0.43333333333333335,0.37142857142857144,4.308571428571429,0.42413236329798254
42,logistic_unweighted_3,logistic_regression,False,False,0.2719443999994837,reused exact prior development predictions,348,30,35,13,0.43333333333333335,0.37142857142857144,4.308571428571429,0.4172619497532415
42,tabpfn_30,tabpfn,False,False,229.0224511999986,reused exact prior development predictions,348,30,35,14,0.4666666666666667,0.4,4.64,0.4539861602002586
42,tabpfn_full,tabpfn,False,False,536.5070288999996,reused exact prior development predictions,348,30,35,12,0.4,0.34285714285714286,3.977142857142857,0.4340384812177952
42,cat_wide_all_d3,catboost,False,False,3.4133694999982254,new fit,348,30,35,13,0.43333333333333335,0.37142857142857144,4.308571428571429,0.43359712822444313
42,cat_wide_all_d5,catboost,False,False,4.056688000000577,new fit,348,30,35,15,0.5,0.42857142857142855,4.971428571428571,0.4810797698819789
42,xgb_wide_all_d2,xgboost,False,False,3.0917790999992576,new fit,348,30,35,13,0.43333333333333335,0.37142857142857144,4.308571428571429,0.3865890223043338
42,xgb_wide_all_d3,xgboost,False,False,1.035922399998526,new fit,348,30,35,14,0.4666666666666667,0.4,4.64,0.39219232008583005
42,lgb_wide_all,lgbm_capacity,False,False,1.4876010000007227,new fit,348,30,35,14,0.4666666666666667,0.4,4.64,0.37283586622763926
42,lr_wide_all_0.01,logistic_regression,False,False,0.21845370000301045,new fit,348,30,35,14,0.4666666666666667,0.4,4.64,0.4656248811870273
42,lr_wide_all_0.1,logistic_regression,False,False,0.34344729999793344,new fit,348,30,35,13,0.43333333333333335,0.37142857142857144,4.308571428571429,0.433514726348185
42,cat_wide_latest_d3,catboost,False,True,1.5592940999995335,new fit,348,30,35,15,0.5,0.42857142857142855,4.971428571428571,0.47311595777992715
42,cat_wide_latest_d5,catboost,False,True,2.608208599998761,new fit,348,30,35,15,0.5,0.42857142857142855,4.971428571428571,0.44249761823725814
42,xgb_wide_latest_d2,xgboost,False,True,0.7011875999996846,new fit,348,30,35,14,0.4666666666666667,0.4,4.64,0.4451463922251547
42,xgb_wide_latest_d3,xgboost,False,True,0.7870221000011952,new fit,348,30,35,14,0.4666666666666667,0.4,4.64,0.38087375767345877
42,lgb_wide_latest,lgbm_capacity,False,True,0.8697074000010616,new fit,348,30,35,14,0.4666666666666667,0.4,4.64,0.415781689225243
42,lr_wide_latest_0.01,logistic_regression,False,True,0.13731489999918267,new fit,348,30,35,15,0.5,0.42857142857142855,4.971428571428571,0.4944757183026907
42,lr_wide_latest_0.1,logistic_regression,False,True,0.13542709999819635,new fit,348,30,35,14,0.4666666666666667,0.4,4.64,0.4919369395699129
42,lambda_False,lambdarank,False,True,1.218705499999487,new fit,348,30,35,13,0.43333333333333335,0.37142857142857144,4.308571428571429,0.42236913690281364
42,rank_mlp_False_0.0,rank_mlp,False,True,3.5770510000002105,new fit,348,30,35,15,0.5,0.42857142857142855,4.971428571428571,0.45932258815445026
42,rank_mlp_False_1.0,rank_mlp,False,True,0.9750583000022743,new fit,348,30,35,14,0.4666666666666667,0.4,4.64,0.46335152993734574
42,cat_history_all_d3,catboost,True,False,5.65897749999931,new fit,348,30,35,15,0.5,0.42857142857142855,4.971428571428571,0.4473664695870141
42,cat_history_all_d5,catboost,True,False,8.149840900001436,new fit,348,30,35,14,0.4666666666666667,0.4,4.64,0.46076772031080193
42,xgb_history_all_d2,xgboost,True,False,3.7109930999977223,new fit,348,30,35,13,0.43333333333333335,0.37142857142857144,4.308571428571429,0.3826363691770913
42,xgb_history_all_d3,xgboost,True,False,3.954732199999853,new fit,348,30,35,13,0.43333333333333335,0.37142857142857144,4.308571428571429,0.394658818283876
42,lgb_history_all,lgbm_capacity,True,False,3.837180400001671,new fit,348,30,35,12,0.4,0.34285714285714286,3.977142857142857,0.39278693755641764
42,lr_history_all_0.01,logistic_regression,True,False,2.659557399998448,new fit,348,30,35,13,0.43333333333333335,0.37142857142857144,4.308571428571429,0.4284198360908862
42,lr_history_all_0.1,logistic_regression,True,False,2.773916399997688,new fit,348,30,35,12,0.4,0.34285714285714286,3.977142857142857,0.39383179954432224
42,cat_history_latest_d3,catboost,True,True,3.9411995000009483,new fit,348,30,35,14,0.4666666666666667,0.4,4.64,0.48028860836038373
42,cat_history_latest_d5,catboost,True,True,5.8623517000014544,new fit,348,30,35,14,0.4666666666666667,0.4,4.64,0.4654550992689938
42,xgb_history_latest_d2,xgboost,True,True,2.466120900000533,new fit,348,30,35,14,0.4666666666666667,0.4,4.64,0.4342021584496078
42,xgb_history_latest_d3,xgboost,True,True,2.5129497999987507,new fit,348,30,35,14,0.4666666666666667,0.4,4.64,0.42309366024271633
42,lgb_history_latest,lgbm_capacity,True,True,2.54676329999711,new fit,348,30,35,14,0.4666666666666667,0.4,4.64,0.39654666959523327
42,lr_history_latest_0.01,logistic_regression,True,True,1.832903400001669,new fit,348,30,35,15,0.5,0.42857142857142855,4.971428571428571,0.4824484673817738
42,lr_history_latest_0.1,logistic_regression,True,True,1.7325657000001229,new fit,348,30,35,14,0.4666666666666667,0.4,4.64,0.4696271668761795
42,lambda_True,lambdarank,True,True,2.933182900000247,new fit,348,30,35,14,0.4666666666666667,0.4,4.64,0.43829965550520755
42,rank_mlp_True_0.0,rank_mlp,True,True,2.5176979999996547,new fit,348,30,35,15,0.5,0.42857142857142855,4.971428571428571,0.4956081734705748
42,rank_mlp_True_1.0,rank_mlp,True,True,2.4794038,new fit,348,30,35,15,0.5,0.42857142857142855,4.971428571428571,0.4539339573990839
42,tabm_history_False,tabm,True,False,44.850316200001544,new fit,348,30,35,12,0.4,0.34285714285714286,3.977142857142857,0.4297590164550828
42,realmlp_history_False,realmlp,True,False,58.68584000000192,new fit,348,30,35,13,0.43333333333333335,0.37142857142857144,4.308571428571429,0.42751226067716314
42,tabm_history_True,tabm,True,True,20.539922199997818,new fit,348,30,35,14,0.4666666666666667,0.4,4.64,0.46028233108625655
42,realmlp_history_True,realmlp,True,True,22.951963600000454,new fit,348,30,35,14,0.4666666666666667,0.4,4.64,0.44643859061733643
42,ehr_hybridFalse_pre0,ehr_transformer,False,True,86.70229589999872,new fit,348,30,35,14,0.4666666666666667,0.4,4.64,0.31008206099650004
42,ehr_hybridFalse_pre5,ehr_transformer,False,True,109.34244640000179,new fit,348,30,35,13,0.43333333333333335,0.37142857142857144,4.308571428571429,0.3613428158009208
42,ehr_hybridTrue_pre0,ehr_transformer,True,True,64.75804049999715,new fit,348,30,35,15,0.5,0.42857142857142855,4.971428571428571,0.4805150577361246
42,ehr_hybridTrue_pre5,ehr_transformer,True,True,75.45607949999976,new fit,348,30,35,15,0.5,0.42857142857142855,4.971428571428571,0.46639636150608443
42,retain_hybrid,retain,True,True,63.27660420000029,new fit,348,30,35,15,0.5,0.42857142857142855,4.971428571428571,0.47173111486782454
43,lightgbm_reference,lightgbm,False,False,0.424146400000609,reused exact prior development predictions,344,37,35,14,0.3783783783783784,0.4,3.718918918918919,0.4528206058831583
43,logistic_reference,logistic_regression,False,False,0.2280122999982268,reused exact prior development predictions,344,37,35,15,0.40540540540540543,0.42857142857142855,3.9845559845559846,0.40318806548482594
43,lightgbm_tuned_0,lightgbm,False,False,0.12207990000024438,reused exact prior development predictions,344,37,35,15,0.40540540540540543,0.42857142857142855,3.9845559845559846,0.3788974032736729
43,lightgbm_tuned_1,lightgbm,False,False,0.1458191000019724,reused exact prior development predictions,344,37,35,14,0.3783783783783784,0.4,3.718918918918919,0.36999656508354517
43,lightgbm_tuned_2,lightgbm,False,False,0.17477270000017597,reused exact prior development predictions,344,37,35,15,0.40540540540540543,0.42857142857142855,3.9845559845559846,0.44230856977720634
43,lightgbm_tuned_3,lightgbm,False,False,0.15395489999718848,reused exact prior development predictions,344,37,35,15,0.40540540540540543,0.42857142857142855,3.9845559845559846,0.36655351971791
43,lightgbm_tuned_4,lightgbm,False,False,0.20071869999810588,reused exact prior development predictions,344,37,35,14,0.3783783783783784,0.4,3.718918918918919,0.4559003761947614
43,lightgbm_tuned_5,lightgbm,False,False,0.19717430000309832,reused exact prior development predictions,344,37,35,14,0.3783783783783784,0.4,3.718918918918919,0.42436569237921234
43,logistic_tuned_0,logistic_regression,False,False,0.16464360000099987,reused exact prior development predictions,344,37,35,16,0.43243243243243246,0.45714285714285713,4.25019305019305,0.4474981227845945
43,logistic_tuned_1,logistic_regression,False,False,0.1934679000005417,reused exact prior development predictions,344,37,35,15,0.40540540540540543,0.42857142857142855,3.9845559845559846,0.4158721683955837
43,logistic_tuned_2,logistic_regression,False,False,0.23803310000221245,reused exact prior development predictions,344,37,35,15,0.40540540540540543,0.42857142857142855,3.9845559845559846,0.39421863183114997
43,logistic_tuned_3,logistic_regression,False,False,0.2662607000020216,reused exact prior development predictions,344,37,35,14,0.3783783783783784,0.4,3.718918918918919,0.39322945214342725
43,tabm_00,tabm,False,False,17.423896700001933,reused exact prior development predictions,344,37,35,15,0.40540540540540543,0.42857142857142855,3.9845559845559846,0.47001195378447624
43,tabm_01,tabm,False,False,12.34356359999947,reused exact prior development predictions,344,37,35,16,0.43243243243243246,0.45714285714285713,4.25019305019305,0.47815209386986446
43,tabm_02,tabm,False,False,13.95291079999879,reused exact prior development predictions,344,37,35,17,0.4594594594594595,0.4857142857142857,4.5158301158301155,0.47368789192540567
43,tabm_03,tabm,False,False,9.947352999999566,reused exact prior development predictions,344,37,35,16,0.43243243243243246,0.45714285714285713,4.25019305019305,0.47330082416474967
43,tabm_04,tabm,False,False,12.678916400000162,reused exact prior development predictions,344,37,35,16,0.43243243243243246,0.45714285714285713,4.25019305019305,0.4663104503238574
43,tabm_05,tabm,False,False,9.309622799999488,reused exact prior development predictions,344,37,35,15,0.40540540540540543,0.42857142857142855,3.9845559845559846,0.44326807910710925
43,tabm_06,tabm,False,False,18.51541780000116,reused exact prior development predictions,344,37,35,16,0.43243243243243246,0.45714285714285713,4.25019305019305,0.4912809283239399
43,tabm_07,tabm,False,False,41.47794700000304,reused exact prior development predictions,344,37,35,15,0.40540540540540543,0.42857142857142855,3.9845559845559846,0.45432579485230734
43,tabm_08,tabm,False,False,25.857325299999502,reused exact prior development predictions,344,37,35,15,0.40540540540540543,0.42857142857142855,3.9845559845559846,0.5187437937810301
43,tabm_09,tabm,False,False,15.20353470000191,reused exact prior development predictions,344,37,35,15,0.40540540540540543,0.42857142857142855,3.9845559845559846,0.46268333544866097
43,tabm_10,tabm,False,False,16.65295740000147,reused exact prior development predictions,344,37,35,15,0.40540540540540543,0.42857142857142855,3.9845559845559846,0.4882430612986301
43,tabm_11,tabm,False,False,15.116109500002494,reused exact prior development predictions,344,37,35,17,0.4594594594594595,0.4857142857142857,4.5158301158301155,0.4620838690255907
43,realmlp_0,realmlp,False,False,31.872269600000436,reused exact prior development predictions,344,37,35,15,0.40540540540540543,0.42857142857142855,3.9845559845559846,0.5022110645422257
43,realmlp_1,realmlp,False,False,24.02051349999965,reused exact prior development predictions,344,37,35,16,0.43243243243243246,0.45714285714285713,4.25019305019305,0.5157607258807115
43,realmlp_2,realmlp,False,False,23.1691737000001,reused exact prior development predictions,344,37,35,16,0.43243243243243246,0.45714285714285713,4.25019305019305,0.4706652100825256
43,realmlp_3,realmlp,False,False,28.2126219999991,reused exact prior development predictions,344,37,35,15,0.40540540540540543,0.42857142857142855,3.9845559845559846,0.5198909087820182
43,tabicl_0,tabicl,False,False,154.85983000000124,reused exact prior development predictions,344,37,35,14,0.3783783783783784,0.4,3.718918918918919,0.47548693904363903
43,tabicl_1,tabicl,False,False,103.25103269999818,reused exact prior development predictions,344,37,35,13,0.35135135135135137,0.37142857142857144,3.4532818532818537,0.42601378029862813
43,mlp_tuned_0,mlp,False,False,6.682949500001996,reused exact prior development predictions,344,37,35,17,0.4594594594594595,0.4857142857142857,4.5158301158301155,0.4872845160850554
43,mlp_tuned_1,mlp,False,False,8.012463399998524,reused exact prior development predictions,344,37,35,15,0.40540540540540543,0.42857142857142855,3.9845559845559846,0.4826046751293826
43,mlp_tuned_2,mlp,False,False,8.595002699999895,reused exact prior development predictions,344,37,35,15,0.40540540540540543,0.42857142857142855,3.9845559845559846,0.4888066136829282
43,mlp_tuned_3,mlp,False,False,5.845029199997953,reused exact prior development predictions,344,37,35,17,0.4594594594594595,0.4857142857142857,4.5158301158301155,0.46907010084073875
43,tabm_refine_15,tabm,False,False,13.813735500003531,reused exact prior development predictions,344,37,35,15,0.40540540540540543,0.42857142857142855,3.9845559845559846,0.4751692150320321
43,tabm_refine_20,tabm,False,False,10.38005239999984,reused exact prior development predictions,344,37,35,15,0.40540540540540543,0.42857142857142855,3.9845559845559846,0.4619594909702378
43,tabm_refine_40,tabm,False,False,25.577088699999877,reused exact prior development predictions,344,37,35,15,0.40540540540540543,0.42857142857142855,3.9845559845559846,0.46275986682167264
43,residual_mlp_0,tabm,False,False,2.2254640999999538,reused exact prior development predictions,344,37,35,15,0.40540540540540543,0.42857142857142855,3.9845559845559846,0.42941361937440015
43,residual_mlp_1,tabm,False,False,2.6379854999977397,reused exact prior development predictions,344,37,35,14,0.3783783783783784,0.4,3.718918918918919,0.4113762063464767
43,residual_mlp_2,tabm,False,False,1.9197630000016943,reused exact prior development predictions,344,37,35,15,0.40540540540540543,0.42857142857142855,3.9845559845559846,0.4229665837432207
43,residual_mlp_3,tabm,False,False,1.6271856999992451,reused exact prior development predictions,344,37,35,16,0.43243243243243246,0.45714285714285713,4.25019305019305,0.42402271305123596
43,residual_mlp_4,tabm,False,False,2.631036699996912,reused exact prior development predictions,344,37,35,13,0.35135135135135137,0.37142857142857144,3.4532818532818537,0.38553700865551793
43,residual_mlp_5,tabm,False,False,1.777480700002343,reused exact prior development predictions,344,37,35,16,0.43243243243243246,0.45714285714285713,4.25019305019305,0.42097837712726427
43,tabicl_refine_20,tabicl,False,False,102.8998548999989,reused exact prior development predictions,344,37,35,14,0.3783783783783784,0.4,3.718918918918919,0.4189550537159024
43,tabicl_refine_45,tabicl,False,False,131.6771856000014,reused exact prior development predictions,344,37,35,15,0.40540540540540543,0.42857142857142855,3.9845559845559846,0.44931071805532563
43,lightgbm_unweighted_0,lightgbm,False,False,0.4530649000007543,reused exact prior development predictions,344,37,35,13,0.35135135135135137,0.37142857142857144,3.4532818532818537,0.4449147038967045
43,lightgbm_unweighted_1,lightgbm,False,False,0.2057664999992994,reused exact prior development predictions,344,37,35,14,0.3783783783783784,0.4,3.718918918918919,0.4443676286411652
43,lightgbm_unweighted_2,lightgbm,False,False,0.3320991000000504,reused exact prior development predictions,344,37,35,15,0.40540540540540543,0.42857142857142855,3.9845559845559846,0.47388709049201155
43,lightgbm_unweighted_3,lightgbm,False,False,0.19878190000235918,reused exact prior development predictions,344,37,35,13,0.35135135135135137,0.37142857142857144,3.4532818532818537,0.4317067617724738
43,logistic_unweighted_0,logistic_regression,False,False,0.15506029999960447,reused exact prior development predictions,344,37,35,16,0.43243243243243246,0.45714285714285713,4.25019305019305,0.46929372974642
43,logistic_unweighted_1,logistic_regression,False,False,0.1807294999998703,reused exact prior development predictions,344,37,35,16,0.43243243243243246,0.45714285714285713,4.25019305019305,0.43722770668969063
43,logistic_unweighted_2,logistic_regression,False,False,0.2281193999988318,reused exact prior development predictions,344,37,35,15,0.40540540540540543,0.42857142857142855,3.9845559845559846,0.42879280175525564
43,logistic_unweighted_3,logistic_regression,False,False,0.2304182000007131,reused exact prior development predictions,344,37,35,14,0.3783783783783784,0.4,3.718918918918919,0.42111988113825716
43,tabpfn_30,tabpfn,False,False,239.32637270000123,reused exact prior development predictions,344,37,35,15,0.40540540540540543,0.42857142857142855,3.9845559845559846,0.4434815427951597
43,tabpfn_full,tabpfn,False,False,487.24680490000173,reused exact prior development predictions,344,37,35,16,0.43243243243243246,0.45714285714285713,4.25019305019305,0.4811117894464321
43,cat_wide_all_d3,catboost,False,False,3.1205832999985432,new fit,344,37,35,16,0.43243243243243246,0.45714285714285713,4.25019305019305,0.4830332662382949
43,cat_wide_all_d5,catboost,False,False,4.114622699999018,new fit,344,37,35,16,0.43243243243243246,0.45714285714285713,4.25019305019305,0.4877175954393697
43,xgb_wide_all_d2,xgboost,False,False,3.110647199999221,new fit,344,37,35,15,0.40540540540540543,0.42857142857142855,3.9845559845559846,0.48780703621434557
43,xgb_wide_all_d3,xgboost,False,False,1.0438762000012503,new fit,344,37,35,15,0.40540540540540543,0.42857142857142855,3.9845559845559846,0.47851916350523727
43,lgb_wide_all,lgbm_capacity,False,False,1.512647100000322,new fit,344,37,35,15,0.40540540540540543,0.42857142857142855,3.9845559845559846,0.44247057468774426
43,lr_wide_all_0.01,logistic_regression,False,False,0.21802199999729055,new fit,344,37,35,16,0.43243243243243246,0.45714285714285713,4.25019305019305,0.46929372974642
43,lr_wide_all_0.1,logistic_regression,False,False,0.3526287000022421,new fit,344,37,35,16,0.43243243243243246,0.45714285714285713,4.25019305019305,0.4374156140519059
43,cat_wide_latest_d3,catboost,False,True,1.5410599000024376,new fit,344,37,35,15,0.40540540540540543,0.42857142857142855,3.9845559845559846,0.4462629511263027
43,cat_wide_latest_d5,catboost,False,True,2.562259799997264,new fit,344,37,35,15,0.40540540540540543,0.42857142857142855,3.9845559845559846,0.4779345932572155
43,xgb_wide_latest_d2,xgboost,False,True,0.7240373999993608,new fit,344,37,35,15,0.40540540540540543,0.42857142857142855,3.9845559845559846,0.4700761632782514
43,xgb_wide_latest_d3,xgboost,False,True,0.7360699999990175,new fit,344,37,35,15,0.40540540540540543,0.42857142857142855,3.9845559845559846,0.47708235704455615
43,lgb_wide_latest,lgbm_capacity,False,True,0.8314362000019173,new fit,344,37,35,17,0.4594594594594595,0.4857142857142857,4.5158301158301155,0.44448313229786435
43,lr_wide_latest_0.01,logistic_regression,False,True,0.13881489999766927,new fit,344,37,35,15,0.40540540540540543,0.42857142857142855,3.9845559845559846,0.45472494180297107
43,lr_wide_latest_0.1,logistic_regression,False,True,0.15027920000284212,new fit,344,37,35,16,0.43243243243243246,0.45714285714285713,4.25019305019305,0.4378268484996878
43,lambda_False,lambdarank,False,True,1.2469133000013244,new fit,344,37,35,15,0.40540540540540543,0.42857142857142855,3.9845559845559846,0.4759950900989682
43,rank_mlp_False_0.0,rank_mlp,False,True,4.284872800002631,new fit,344,37,35,16,0.43243243243243246,0.45714285714285713,4.25019305019305,0.4667604543626639
43,rank_mlp_False_1.0,rank_mlp,False,True,1.8467940999980783,new fit,344,37,35,17,0.4594594594594595,0.4857142857142857,4.5158301158301155,0.46249347373644356
43,cat_history_all_d3,catboost,True,False,5.723848000001453,new fit,344,37,35,15,0.40540540540540543,0.42857142857142855,3.9845559845559846,0.48029319145379573
43,cat_history_all_d5,catboost,True,False,8.10951439999917,new fit,344,37,35,15,0.40540540540540543,0.42857142857142855,3.9845559845559846,0.47612580693026935
43,xgb_history_all_d2,xgboost,True,False,3.716828299999179,new fit,344,37,35,15,0.40540540540540543,0.42857142857142855,3.9845559845559846,0.4775776237816028
43,xgb_history_all_d3,xgboost,True,False,3.8227571999996144,new fit,344,37,35,16,0.43243243243243246,0.45714285714285713,4.25019305019305,0.4633302698868982
43,lgb_history_all,lgbm_capacity,True,False,3.734345699998812,new fit,344,37,35,16,0.43243243243243246,0.45714285714285713,4.25019305019305,0.45936003689737304
43,lr_history_all_0.01,logistic_regression,True,False,2.694450799997867,new fit,344,37,35,16,0.43243243243243246,0.45714285714285713,4.25019305019305,0.45383981357619596
43,lr_history_all_0.1,logistic_regression,True,False,2.8037524999999732,new fit,344,37,35,13,0.35135135135135137,0.37142857142857144,3.4532818532818537,0.38385416329384725
43,cat_history_latest_d3,catboost,True,True,3.8619168999975955,new fit,344,37,35,15,0.40540540540540543,0.42857142857142855,3.9845559845559846,0.442834048518148
43,cat_history_latest_d5,catboost,True,True,5.742061500001,new fit,344,37,35,15,0.40540540540540543,0.42857142857142855,3.9845559845559846,0.48193797419578904
43,xgb_history_latest_d2,xgboost,True,True,2.4557689000030223,new fit,344,37,35,16,0.43243243243243246,0.45714285714285713,4.25019305019305,0.4758616069939037
43,xgb_history_latest_d3,xgboost,True,True,2.6166487999980745,new fit,344,37,35,16,0.43243243243243246,0.45714285714285713,4.25019305019305,0.478060687944408
43,lgb_history_latest,lgbm_capacity,True,True,2.4895770000002813,new fit,344,37,35,16,0.43243243243243246,0.45714285714285713,4.25019305019305,0.48500408857518
43,lr_history_latest_0.01,logistic_regression,True,True,1.8199348999987706,new fit,344,37,35,15,0.40540540540540543,0.42857142857142855,3.9845559845559846,0.4472153488762537
43,lr_history_latest_0.1,logistic_regression,True,True,1.7032772000020486,new fit,344,37,35,17,0.4594594594594595,0.4857142857142857,4.5158301158301155,0.41380241562219156
43,lambda_True,lambdarank,True,True,2.9244667000020854,new fit,344,37,35,15,0.40540540540540543,0.42857142857142855,3.9845559845559846,0.40343814919255006
43,rank_mlp_True_0.0,rank_mlp,True,True,2.7914899999996123,new fit,344,37,35,16,0.43243243243243246,0.45714285714285713,4.25019305019305,0.46342713600219226
43,rank_mlp_True_1.0,rank_mlp,True,True,2.8975965999998152,new fit,344,37,35,17,0.4594594594594595,0.4857142857142857,4.5158301158301155,0.4498393244637185
43,tabm_history_False,tabm,True,False,70.78749199999947,new fit,344,37,35,15,0.40540540540540543,0.42857142857142855,3.9845559845559846,0.49573232927187927
43,realmlp_history_False,realmlp,True,False,58.913815500000055,new fit,344,37,35,16,0.43243243243243246,0.45714285714285713,4.25019305019305,0.5011474577675588
43,tabm_history_True,tabm,True,True,24.445616499997413,new fit,344,37,35,15,0.40540540540540543,0.42857142857142855,3.9845559845559846,0.4544591320697105
43,realmlp_history_True,realmlp,True,True,23.492747899999813,new fit,344,37,35,17,0.4594594594594595,0.4857142857142857,4.5158301158301155,0.47805054186775764
43,ehr_hybridFalse_pre0,ehr_transformer,False,True,70.44346850000147,new fit,344,37,35,14,0.3783783783783784,0.4,3.718918918918919,0.33472228302921886
43,ehr_hybridFalse_pre5,ehr_transformer,False,True,93.54466239999965,new fit,344,37,35,14,0.3783783783783784,0.4,3.718918918918919,0.35122820371107777
43,ehr_hybridTrue_pre0,ehr_transformer,True,True,64.26959409999836,new fit,344,37,35,16,0.43243243243243246,0.45714285714285713,4.25019305019305,0.44826624312988367
43,ehr_hybridTrue_pre5,ehr_transformer,True,True,92.92500750000181,new fit,344,37,35,16,0.43243243243243246,0.45714285714285713,4.25019305019305,0.444114989091233
43,retain_hybrid,retain,True,True,59.97119980000207,new fit,344,37,35,16,0.43243243243243246,0.45714285714285713,4.25019305019305,0.4529862377058318
44,lightgbm_reference,lightgbm,False,False,0.3420992000028491,reused exact prior development predictions,346,39,35,18,0.46153846153846156,0.5142857142857142,4.562637362637362,0.5251130524508307
44,logistic_reference,logistic_regression,False,False,0.20452010000008158,reused exact prior development predictions,346,39,35,15,0.38461538461538464,0.42857142857142855,3.802197802197802,0.45206084865009327
44,lightgbm_tuned_0,lightgbm,False,False,0.15597599999819067,reused exact prior development predictions,346,39,35,17,0.4358974358974359,0.4857142857142857,4.309157509157509,0.517646905674504
44,lightgbm_tuned_1,lightgbm,False,False,0.13211389999923995,reused exact prior development predictions,346,39,35,18,0.46153846153846156,0.5142857142857142,4.562637362637362,0.35346998388677353
44,lightgbm_tuned_2,lightgbm,False,False,0.1532641000012518,reused exact prior development predictions,346,39,35,18,0.46153846153846156,0.5142857142857142,4.562637362637362,0.5058108133589585
44,lightgbm_tuned_3,lightgbm,False,False,0.2642257999978028,reused exact prior development predictions,346,39,35,18,0.46153846153846156,0.5142857142857142,4.562637362637362,0.5288247570295449
44,lightgbm_tuned_4,lightgbm,False,False,0.17445419999785372,reused exact prior development predictions,346,39,35,19,0.48717948717948717,0.5428571428571428,4.816117216117216,0.5016808406855398
44,lightgbm_tuned_5,lightgbm,False,False,0.32374519999939366,reused exact prior development predictions,346,39,35,18,0.46153846153846156,0.5142857142857142,4.562637362637362,0.526829945055577
44,logistic_tuned_0,logistic_regression,False,False,0.15053740000075777,reused exact prior development predictions,346,39,35,16,0.41025641025641024,0.45714285714285713,4.0556776556776555,0.4746660391289197
44,logistic_tuned_1,logistic_regression,False,False,0.16925029999765684,reused exact prior development predictions,346,39,35,15,0.38461538461538464,0.42857142857142855,3.802197802197802,0.45405305112232097
44,logistic_tuned_2,logistic_regression,False,False,0.19469290000051842,reused exact prior development predictions,346,39,35,15,0.38461538461538464,0.42857142857142855,3.802197802197802,0.45085172480292696
44,logistic_tuned_3,logistic_regression,False,False,0.24725369999941904,reused exact prior development predictions,346,39,35,15,0.38461538461538464,0.42857142857142855,3.802197802197802,0.45076899836274087
44,tabm_00,tabm,False,False,8.750213200000871,reused exact prior development predictions,346,39,35,19,0.48717948717948717,0.5428571428571428,4.816117216117216,0.4847765136589346
44,tabm_01,tabm,False,False,5.369442100000015,reused exact prior development predictions,346,39,35,18,0.46153846153846156,0.5142857142857142,4.562637362637362,0.49317118617596445
44,tabm_02,tabm,False,False,11.87019700000019,reused exact prior development predictions,346,39,35,18,0.46153846153846156,0.5142857142857142,4.562637362637362,0.5034831875831198
44,tabm_03,tabm,False,False,9.102167699998972,reused exact prior development predictions,346,39,35,18,0.46153846153846156,0.5142857142857142,4.562637362637362,0.5059417175143268
44,tabm_04,tabm,False,False,14.95853409999836,reused exact prior development predictions,346,39,35,19,0.48717948717948717,0.5428571428571428,4.816117216117216,0.4937448978727579
44,tabm_05,tabm,False,False,13.551337200002308,reused exact prior development predictions,346,39,35,14,0.358974358974359,0.4,3.548717948717949,0.46561844229199734
44,tabm_06,tabm,False,False,20.81665150000117,reused exact prior development predictions,346,39,35,19,0.48717948717948717,0.5428571428571428,4.816117216117216,0.5000778011441248
44,tabm_07,tabm,False,False,30.003306700000394,reused exact prior development predictions,346,39,35,18,0.46153846153846156,0.5142857142857142,4.562637362637362,0.5154353101942188
44,tabm_08,tabm,False,False,21.46651329999804,reused exact prior development predictions,346,39,35,19,0.48717948717948717,0.5428571428571428,4.816117216117216,0.5131912250305319
44,tabm_09,tabm,False,False,20.3155442999996,reused exact prior development predictions,346,39,35,17,0.4358974358974359,0.4857142857142857,4.309157509157509,0.4928627324990142
44,tabm_10,tabm,False,False,7.973752300000342,reused exact prior development predictions,346,39,35,17,0.4358974358974359,0.4857142857142857,4.309157509157509,0.5108858242230836
44,tabm_11,tabm,False,False,18.597607299998344,reused exact prior development predictions,346,39,35,18,0.46153846153846156,0.5142857142857142,4.562637362637362,0.5229872500076392
44,realmlp_0,realmlp,False,False,36.793035300001065,reused exact prior development predictions,346,39,35,17,0.4358974358974359,0.4857142857142857,4.309157509157509,0.5006845350334446
44,realmlp_1,realmlp,False,False,32.65645930000028,reused exact prior development predictions,346,39,35,19,0.48717948717948717,0.5428571428571428,4.816117216117216,0.4878134370641761
44,realmlp_2,realmlp,False,False,31.25530009999784,reused exact prior development predictions,346,39,35,19,0.48717948717948717,0.5428571428571428,4.816117216117216,0.49789390105224834
44,realmlp_3,realmlp,False,False,39.06009269999777,reused exact prior development predictions,346,39,35,18,0.46153846153846156,0.5142857142857142,4.562637362637362,0.5098451477695165
44,tabicl_0,tabicl,False,False,184.25953550000122,reused exact prior development predictions,346,39,35,15,0.38461538461538464,0.42857142857142855,3.802197802197802,0.44794578512121613
44,tabicl_1,tabicl,False,False,112.56001339999784,reused exact prior development predictions,346,39,35,17,0.4358974358974359,0.4857142857142857,4.309157509157509,0.48151509478605303
44,mlp_tuned_0,mlp,False,False,5.330250199996954,reused exact prior development predictions,346,39,35,17,0.4358974358974359,0.4857142857142857,4.309157509157509,0.4753140403996237
44,mlp_tuned_1,mlp,False,False,5.111856499999703,reused exact prior development predictions,346,39,35,16,0.41025641025641024,0.45714285714285713,4.0556776556776555,0.47442393305701175
44,mlp_tuned_2,mlp,False,False,5.679409399999713,reused exact prior development predictions,346,39,35,18,0.46153846153846156,0.5142857142857142,4.562637362637362,0.4912969622781233
44,mlp_tuned_3,mlp,False,False,3.798614899998938,reused exact prior development predictions,346,39,35,16,0.41025641025641024,0.45714285714285713,4.0556776556776555,0.46558725533167433
44,tabm_refine_15,tabm,False,False,20.25526709999758,reused exact prior development predictions,346,39,35,17,0.4358974358974359,0.4857142857142857,4.309157509157509,0.4999952055588647
44,tabm_refine_20,tabm,False,False,17.416932399999496,reused exact prior development predictions,346,39,35,15,0.38461538461538464,0.42857142857142855,3.802197802197802,0.4712567137152951
44,tabm_refine_40,tabm,False,False,11.3872048000012,reused exact prior development predictions,346,39,35,16,0.41025641025641024,0.45714285714285713,4.0556776556776555,0.4689643787778212
44,residual_mlp_0,tabm,False,False,1.472866399999475,reused exact prior development predictions,346,39,35,15,0.38461538461538464,0.42857142857142855,3.802197802197802,0.4787194337563596
44,residual_mlp_1,tabm,False,False,1.4197477999987314,reused exact prior development predictions,346,39,35,15,0.38461538461538464,0.42857142857142855,3.802197802197802,0.45299324231607546
44,residual_mlp_2,tabm,False,False,1.5720749000029173,reused exact prior development predictions,346,39,35,16,0.41025641025641024,0.45714285714285713,4.0556776556776555,0.4929232601624283
44,residual_mlp_3,tabm,False,False,1.3148652000018046,reused exact prior development predictions,346,39,35,16,0.41025641025641024,0.45714285714285713,4.0556776556776555,0.4795967907170687
44,residual_mlp_4,tabm,False,False,1.2927495000003546,reused exact prior development predictions,346,39,35,15,0.38461538461538464,0.42857142857142855,3.802197802197802,0.47450862400716176
44,residual_mlp_5,tabm,False,False,1.2616712000017287,reused exact prior development predictions,346,39,35,17,0.4358974358974359,0.4857142857142857,4.309157509157509,0.4929819193010037
44,tabicl_refine_20,tabicl,False,False,102.8094736000021,reused exact prior development predictions,346,39,35,16,0.41025641025641024,0.45714285714285713,4.0556776556776555,0.46452626112184237
44,tabicl_refine_45,tabicl,False,False,139.34040520000053,reused exact prior development predictions,346,39,35,15,0.38461538461538464,0.42857142857142855,3.802197802197802,0.45954324031282917
44,lightgbm_unweighted_0,lightgbm,False,False,0.15160119999927701,reused exact prior development predictions,346,39,35,19,0.48717948717948717,0.5428571428571428,4.816117216117216,0.5243611719209675
44,lightgbm_unweighted_1,lightgbm,False,False,0.16923899999892456,reused exact prior development predictions,346,39,35,18,0.46153846153846156,0.5142857142857142,4.562637362637362,0.535736591176855
44,lightgbm_unweighted_2,lightgbm,False,False,0.19370970000090892,reused exact prior development predictions,346,39,35,18,0.46153846153846156,0.5142857142857142,4.562637362637362,0.511105170202673
44,lightgbm_unweighted_3,lightgbm,False,False,0.24105559999952675,reused exact prior development predictions,346,39,35,17,0.4358974358974359,0.4857142857142857,4.309157509157509,0.5144918116434367
44,logistic_unweighted_0,logistic_regression,False,False,0.21642979999887757,reused exact prior development predictions,346,39,35,16,0.41025641025641024,0.45714285714285713,4.0556776556776555,0.49113482115100043
44,logistic_unweighted_1,logistic_regression,False,False,0.22155260000363342,reused exact prior development predictions,346,39,35,16,0.41025641025641024,0.45714285714285713,4.0556776556776555,0.48081172152500745
44,logistic_unweighted_2,logistic_regression,False,False,0.21705459999793675,reused exact prior development predictions,346,39,35,15,0.38461538461538464,0.42857142857142855,3.802197802197802,0.4770615873492248
44,logistic_unweighted_3,logistic_regression,False,False,0.32694090000222786,reused exact prior development predictions,346,39,35,15,0.38461538461538464,0.42857142857142855,3.802197802197802,0.4720244091838002
44,tabpfn_30,tabpfn,False,False,248.55722900000183,reused exact prior development predictions,346,39,35,17,0.4358974358974359,0.4857142857142857,4.309157509157509,0.5011218859376461
44,tabpfn_full,tabpfn,False,False,499.3699003999973,reused exact prior development predictions,346,39,35,17,0.4358974358974359,0.4857142857142857,4.309157509157509,0.4923190617784806
44,cat_wide_all_d3,catboost,False,False,2.6146899000013946,new fit,346,39,35,19,0.48717948717948717,0.5428571428571428,4.816117216117216,0.5192104884628757
44,cat_wide_all_d5,catboost,False,False,4.023508900001616,new fit,346,39,35,18,0.46153846153846156,0.5142857142857142,4.562637362637362,0.5285011603342274
44,xgb_wide_all_d2,xgboost,False,False,2.6288016000034986,new fit,346,39,35,19,0.48717948717948717,0.5428571428571428,4.816117216117216,0.5143150981646665
44,xgb_wide_all_d3,xgboost,False,False,1.0486589000029198,new fit,346,39,35,19,0.48717948717948717,0.5428571428571428,4.816117216117216,0.5286369183709759
44,lgb_wide_all,lgbm_capacity,False,False,1.3153591000009328,new fit,346,39,35,18,0.46153846153846156,0.5142857142857142,4.562637362637362,0.4996305943937308
44,lr_wide_all_0.01,logistic_regression,False,False,0.21327039999960107,new fit,346,39,35,16,0.41025641025641024,0.45714285714285713,4.0556776556776555,0.49113482115100043
44,lr_wide_all_0.1,logistic_regression,False,False,0.35561930000039865,new fit,346,39,35,15,0.38461538461538464,0.42857142857142855,3.802197802197802,0.47686902407659115
44,cat_wide_latest_d3,catboost,False,True,1.571131400000013,new fit,346,39,35,17,0.4358974358974359,0.4857142857142857,4.309157509157509,0.500380991343971
44,cat_wide_latest_d5,catboost,False,True,2.608003800000006,new fit,346,39,35,17,0.4358974358974359,0.4857142857142857,4.309157509157509,0.5200939212426058
44,xgb_wide_latest_d2,xgboost,False,True,0.707794300000387,new fit,346,39,35,17,0.4358974358974359,0.4857142857142857,4.309157509157509,0.49952391207652835
44,xgb_wide_latest_d3,xgboost,False,True,0.7745833000008133,new fit,346,39,35,18,0.46153846153846156,0.5142857142857142,4.562637362637362,0.48171327758370097
44,lgb_wide_latest,lgbm_capacity,False,True,0.9158623999974225,new fit,346,39,35,18,0.46153846153846156,0.5142857142857142,4.562637362637362,0.4373298308700214
44,lr_wide_latest_0.01,logistic_regression,False,True,0.14244020000114688,new fit,346,39,35,17,0.4358974358974359,0.4857142857142857,4.309157509157509,0.5287731152500191
44,lr_wide_latest_0.1,logistic_regression,False,True,0.13921189999746275,new fit,346,39,35,19,0.48717948717948717,0.5428571428571428,4.816117216117216,0.5220393206269243
44,lambda_False,lambdarank,False,True,1.245034100000339,new fit,346,39,35,19,0.48717948717948717,0.5428571428571428,4.816117216117216,0.5213085350730206
44,rank_mlp_False_0.0,rank_mlp,False,True,3.673274200002197,new fit,346,39,35,19,0.48717948717948717,0.5428571428571428,4.816117216117216,0.4866266465314577
44,rank_mlp_False_1.0,rank_mlp,False,True,0.9847743999998784,new fit,346,39,35,19,0.48717948717948717,0.5428571428571428,4.816117216117216,0.5041895080080852
44,cat_history_all_d3,catboost,True,False,5.597571600002993,new fit,346,39,35,19,0.48717948717948717,0.5428571428571428,4.816117216117216,0.5204699564706886
44,cat_history_all_d5,catboost,True,False,8.160796699998173,new fit,346,39,35,18,0.46153846153846156,0.5142857142857142,4.562637362637362,0.5157606661783191
44,xgb_history_all_d2,xgboost,True,False,3.671807099999569,new fit,346,39,35,19,0.48717948717948717,0.5428571428571428,4.816117216117216,0.523371263927242
44,xgb_history_all_d3,xgboost,True,False,3.898660099999688,new fit,346,39,35,18,0.46153846153846156,0.5142857142857142,4.562637362637362,0.5200978598202348
44,lgb_history_all,lgbm_capacity,True,False,3.805347299999994,new fit,346,39,35,19,0.48717948717948717,0.5428571428571428,4.816117216117216,0.49673197432926697
44,lr_history_all_0.01,logistic_regression,True,False,2.65776950000145,new fit,346,39,35,16,0.41025641025641024,0.45714285714285713,4.0556776556776555,0.4702222575557222
44,lr_history_all_0.1,logistic_regression,True,False,2.745773899998312,new fit,346,39,35,15,0.38461538461538464,0.42857142857142855,3.802197802197802,0.44891759620236316
44,cat_history_latest_d3,catboost,True,True,3.8922218999978213,new fit,346,39,35,16,0.41025641025641024,0.45714285714285713,4.0556776556776555,0.5227709837861331
44,cat_history_latest_d5,catboost,True,True,5.756330699998216,new fit,346,39,35,18,0.46153846153846156,0.5142857142857142,4.562637362637362,0.5093463961917353
44,xgb_history_latest_d2,xgboost,True,True,2.423975199999404,new fit,346,39,35,18,0.46153846153846156,0.5142857142857142,4.562637362637362,0.49522021688797446
44,xgb_history_latest_d3,xgboost,True,True,2.6006541999995534,new fit,346,39,35,18,0.46153846153846156,0.5142857142857142,4.562637362637362,0.4775842814018743
44,lgb_history_latest,lgbm_capacity,True,True,2.553222700000333,new fit,346,39,35,18,0.46153846153846156,0.5142857142857142,4.562637362637362,0.5167285220209386
44,lr_history_latest_0.01,logistic_regression,True,True,1.730317900000955,new fit,346,39,35,18,0.46153846153846156,0.5142857142857142,4.562637362637362,0.5058101175127574
44,lr_history_latest_0.1,logistic_regression,True,True,1.8412757000005513,new fit,346,39,35,16,0.41025641025641024,0.45714285714285713,4.0556776556776555,0.48901058761650323
44,lambda_True,lambdarank,True,True,2.9131812999985414,new fit,346,39,35,18,0.46153846153846156,0.5142857142857142,4.562637362637362,0.4910948364371811
44,rank_mlp_True_0.0,rank_mlp,True,True,2.752515399999538,new fit,346,39,35,19,0.48717948717948717,0.5428571428571428,4.816117216117216,0.5124604603554828
44,rank_mlp_True_1.0,rank_mlp,True,True,2.596941899999365,new fit,346,39,35,18,0.46153846153846156,0.5142857142857142,4.562637362637362,0.5174680747427582
44,tabm_history_False,tabm,True,False,49.13568040000246,new fit,346,39,35,18,0.46153846153846156,0.5142857142857142,4.562637362637362,0.500675642294174
44,realmlp_history_False,realmlp,True,False,57.720930899999075,new fit,346,39,35,18,0.46153846153846156,0.5142857142857142,4.562637362637362,0.47537303269186315
44,tabm_history_True,tabm,True,True,23.183134699997026,new fit,346,39,35,17,0.4358974358974359,0.4857142857142857,4.309157509157509,0.48860840572082165
44,realmlp_history_True,realmlp,True,True,23.433498900001723,new fit,346,39,35,17,0.4358974358974359,0.4857142857142857,4.309157509157509,0.4891068712129517
44,ehr_hybridFalse_pre0,ehr_transformer,False,True,55.196582199998375,new fit,346,39,35,18,0.46153846153846156,0.5142857142857142,4.562637362637362,0.4009905670549176
44,ehr_hybridFalse_pre5,ehr_transformer,False,True,109.75698449999982,new fit,346,39,35,17,0.4358974358974359,0.4857142857142857,4.309157509157509,0.4763601474625291
44,ehr_hybridTrue_pre0,ehr_transformer,True,True,73.54698360000111,new fit,346,39,35,19,0.48717948717948717,0.5428571428571428,4.816117216117216,0.5096459627580927
44,ehr_hybridTrue_pre5,ehr_transformer,True,True,87.76655500000197,new fit,346,39,35,19,0.48717948717948717,0.5428571428571428,4.816117216117216,0.49999923652009975
44,retain_hybrid,retain,True,True,66.65611720000015,new fit,346,39,35,19,0.48717948717948717,0.5428571428571428,4.816117216117216,0.49637409905534735
