name,family,history,latest_only,mean_recall,mean_ap,cohorts
rank_mlp_True_1.0,rank_mlp,True,True,0.4736659736659736,0.4737471188685202,3
rank_mlp_True_0.0,rank_mlp,True,True,0.47320397320397317,0.4904985899427499,3
ehr_hybridTrue_pre0,ehr_transformer,True,True,0.47320397320397317,0.479475754541367,3
retain_hybrid,retain,True,True,0.47320397320397317,0.4736971505430012,3
rank_mlp_False_0.0,rank_mlp,False,True,0.47320397320397317,0.47090322968285725,3
ehr_hybridTrue_pre5,ehr_transformer,True,True,0.47320397320397317,0.4701701957058057,3
rank_mlp_False_1.0,rank_mlp,False,True,0.4711018711018711,0.4766781705606247,3
cat_wide_all_d5,catboost,False,False,0.46465696465696466,0.49909950855185875,3
cat_history_all_d3,catboost,True,False,0.46419496419496414,0.4827098725038328,3
lgb_wide_latest,lgbm_capacity,False,True,0.46255486255486256,0.4325315507977096,3
lr_wide_latest_0.1,logistic_regression,False,True,0.4620928620928621,0.48393436956550834,3
realmlp_1,realmlp,False,False,0.4620928620928621,0.4764490258858866,3
tabm_04,tabm,False,False,0.4620928620928621,0.4686022627261159,3
mlp_tuned_3,mlp,False,False,0.4565719565719566,0.45573068981428494,3
residual_mlp_5,tabm,False,False,0.45610995610995614,0.4623095718348878,3
lr_history_latest_0.01,logistic_regression,True,True,0.4556479556479556,0.4784913112569283,3
mlp_tuned_0,mlp,False,False,0.45400785400785404,0.47388481547886535,3
realmlp_history_True,realmlp,True,True,0.45400785400785404,0.47119866789934856,3
xgb_history_latest_d2,xgboost,True,True,0.4535458535458535,0.46842799411049524,3
lgb_history_latest,lgbm_capacity,True,True,0.4535458535458535,0.46609309339711724,3
xgb_history_latest_d3,xgboost,True,True,0.4535458535458535,0.4595795431963328,3
xgb_wide_all_d3,xgboost,False,False,0.45308385308385307,0.466449467320681,3
tabm_00,tabm,False,False,0.45308385308385307,0.45673586111306724,3
tabm_11,tabm,False,False,0.45144375144375143,0.47788908554891457,3
tabm_02,tabm,False,False,0.45144375144375143,0.4668030226830888,3
cat_wide_all_d3,catboost,False,False,0.4509817509817509,0.47861362764187126,3
realmlp_2,realmlp,False,False,0.4509817509817509,0.4655970997185436,3
logistic_tuned_0,logistic_regression,False,False,0.4475629475629475,0.46748568303366445,3
residual_mlp_3,tabm,False,False,0.4475629475629475,0.4506296911314123,3
lr_wide_latest_0.01,logistic_regression,False,True,0.4471009471009471,0.4926579251185603,3
cat_wide_latest_d5,catboost,False,True,0.4471009471009471,0.48017537757902645,3
cat_wide_latest_d3,catboost,False,True,0.4471009471009471,0.4732533000834003,3
lr_history_latest_0.1,logistic_regression,True,True,0.44546084546084547,0.4574800567049581,3
realmlp_3,realmlp,False,False,0.4445368445368445,0.48965704297275536,3
cat_history_latest_d5,catboost,True,True,0.4445368445368445,0.48557982321883936,3
cat_history_all_d5,catboost,True,False,0.4445368445368445,0.48421806447313004,3
xgb_wide_latest_d3,xgboost,False,True,0.4445368445368445,0.4465564641005719,3
lambda_True,lambdarank,True,True,0.4445368445368445,0.44427754704497957,3
lgb_wide_all,lgbm_capacity,False,False,0.4445368445368445,0.4383123451030381,3
tabm_03,tabm,False,False,0.4424347424347424,0.4784127225122874,3
tabm_01,tabm,False,False,0.4424347424347424,0.47326472095074995,3
realmlp_history_False,realmlp,True,False,0.4424347424347424,0.4680109170455283,3
xgb_history_all_d3,xgboost,True,False,0.4424347424347424,0.459362315997003,3
lambda_False,lambdarank,False,True,0.44197274197274194,0.47322425402493407,3
xgb_wide_all_d2,xgboost,False,False,0.44197274197274194,0.46290371889444853,3
xgb_history_all_d2,xgboost,True,False,0.44197274197274194,0.46119508562864536,3
tabm_06,tabm,False,False,0.43987063987063985,0.4706909342126265,3
lgb_history_all,lgbm_capacity,True,False,0.43987063987063985,0.4496263162610192,3
logistic_unweighted_0,logistic_regression,False,False,0.43645183645183644,0.4753511440281492,3
lr_wide_all_0.01,logistic_regression,False,False,0.43645183645183644,0.4753511440281492,3
logistic_unweighted_1,logistic_regression,False,False,0.43645183645183644,0.45463991999131287,3
tabm_10,tabm,False,False,0.435989835989836,0.4828090975293133,3
realmlp_0,realmlp,False,False,0.435989835989836,0.48183724361504304,3
tabm_refine_15,tabm,False,False,0.435989835989836,0.4767530329224116,3
xgb_wide_latest_d2,xgboost,False,True,0.435989835989836,0.47158215585997815,3
tabm_history_True,tabm,True,True,0.435989835989836,0.46778328962559623,3
tabpfn_30,tabpfn,False,False,0.435989835989836,0.4661965296443548,3
tabm_09,tabm,False,False,0.435989835989836,0.46501801187188313,3
ehr_hybridFalse_pre0,ehr_transformer,False,True,0.4355278355278355,0.34859830369354544,3
lightgbm_unweighted_0,lightgbm,False,False,0.435065835065835,0.46513918867451554,3
mlp_tuned_2,mlp,False,False,0.4334257334257334,0.4781131398884266,3
tabm_08,tabm,False,False,0.4308616308616308,0.48831083871701814,3
logistic_tuned_1,logistic_regression,False,False,0.43000693000692997,0.44551555403058085,3
logistic_reference,logistic_regression,False,False,0.43000693000692997,0.44200761103434916,3
logistic_tuned_2,logistic_regression,False,False,0.43000693000692997,0.4362369599457114,3
cat_history_latest_d3,catboost,True,True,0.4274428274428274,0.4819645468882216,3
mlp_tuned_1,mlp,False,False,0.4274428274428274,0.4642801805403703,3
residual_mlp_2,tabm,False,False,0.4274428274428274,0.46273801632170347,3
lr_history_all_0.01,logistic_regression,True,False,0.4253407253407253,0.45082730240760144,3
lightgbm_tuned_0,lightgbm,False,False,0.42487872487872486,0.4150756405118003,3
tabpfn_full,tabpfn,False,False,0.42277662277662276,0.4691564441475693,3
tabm_history_False,tabm,True,False,0.4223146223146223,0.4753889960070454,3
lightgbm_unweighted_2,lightgbm,False,False,0.4223146223146223,0.4710989277790529,3
lightgbm_tuned_4,lightgbm,False,False,0.4218526218526219,0.47193724202057535,3
residual_mlp_1,tabm,False,False,0.42099792099792105,0.4451207698190737,3
logistic_tuned_3,logistic_regression,False,False,0.42099792099792105,0.43550755838872873,3
tabm_refine_20,tabm,False,False,0.4188958188958189,0.4577009779534274,3
tabicl_refine_45,tabicl,False,False,0.4188958188958189,0.4571487565031587,3
residual_mlp_0,tabm,False,False,0.4188958188958189,0.4509180476639665,3
tabicl_refine_20,tabicl,False,False,0.4184338184338184,0.4414645292550346,3
tabicl_1,tabicl,False,False,0.4179718179718179,0.4616940419638232,3
lr_wide_all_0.1,logistic_regression,False,False,0.41679371679371674,0.44926645482556066,3
tabm_refine_40,tabm,False,False,0.41633171633171634,0.4635607322781008,3
ehr_hybridFalse_pre5,ehr_transformer,False,True,0.41586971586971583,0.3963103889915092,3
lightgbm_reference,lightgbm,False,False,0.4133056133056133,0.47638719620375225,3
lightgbm_unweighted_1,lightgbm,False,False,0.4133056133056133,0.4681836394447152,3
tabm_07,tabm,False,False,0.4112035112035111,0.4639389402652827,3
lightgbm_tuned_2,lightgbm,False,False,0.4112035112035111,0.45881684812549306,3
lightgbm_tuned_3,lightgbm,False,False,0.4112035112035111,0.44638852522651734,3
tabm_05,tabm,False,False,0.4103488103488104,0.45488249178828893,3
logistic_unweighted_2,logistic_regression,False,False,0.4077847077847077,0.44332891746748765,3
lightgbm_tuned_1,lightgbm,False,False,0.40219450219450215,0.38537619519577965,3
tabicl_0,tabicl,False,False,0.39877569877569874,0.44468470661426424,3
logistic_unweighted_3,logistic_regression,False,False,0.39877569877569874,0.43680208002509957,3
lightgbm_tuned_5,lightgbm,False,False,0.3910833910833911,0.4239611680333603,3
residual_mlp_4,tabm,False,False,0.38976668976668977,0.42777354457435773,3
lightgbm_unweighted_3,lightgbm,False,False,0.38463848463848455,0.4595067616284679,3
lr_history_all_0.1,logistic_regression,True,False,0.3786555786555786,0.4088678530135108,3
